Principio Universal,Descripción breve,Categorías,Fuente Global
Págate primero,"Apartar un porcentaje fijo de los ingresos a ahorro y/o inversión antes de cualquier otro gasto.","Ahorro,Presupuesto (Flujo de Caja),Inversión,Educación Financiera Básica","Dave Ramsey – The Total Money Makeover"
Interés compuesto para ahorros,"Permitir que los intereses generados por tus ahorros se reinviertan automáticamente, generando a su vez intereses adicionales y acelerando la acumulación de capital.","Ahorro,Inversión,Planes de Retiro y Jubilación,Educación Financiera Básica","Warren Buffett – Cartas a Accionistas de Berkshire Hathaway"
Automatizar las finanzas,"Ofrecer la opción de programar transferencias y pagos automáticos para crear disciplina financiera; si prefieres, puedes recibir recordatorios en lugar de transferencias directas.","Ahorro,Presupuesto (Flujo de Caja),Educación Financiera Básica","Ramit Sethi – I Will Teach You To Be Rich"
Gasto consciente,"Evaluar cada compra en función de su valor personal y financiero, equilibrando el ahorro con espacio para gastos de disfrute inmediato.","Ahorro,Presupuesto (Flujo de Caja),Educación Financiera Básica,Psicología Financiera y Hábitos de Gasto","Ramit Sethi – I Will Teach You To Be Rich"
Fondo de emergencia,"Mantener el equivalente a 3–6 meses de gastos esenciales en un fondo líquido para afrontar imprevistos sin sacrificar metas de ahorro o inversión.","Ahorro,Emergencias y Fondo de Contingencia,Presupuesto (Flujo de Caja),Educación Financiera Básica","Suze Orman – The Money Book for the Young, Fabulous & Broke"
Regla 50/30/20,"Asignar 50% del ingreso a necesidades esenciales, 30% a deseos y 20% a ahorros, inversiones o pagos de deuda.","Ahorro,Presupuesto (Flujo de Caja),Inversión,Educación Financiera Básica,Psicología Financiera y Hábitos de Gasto","Elizabeth Warren & Amelia Warren Tyagi – All Your Worth"
Reducir gastos hormiga,"Identificar y limitar pequeños gastos diarios (cafés, snacks, suscripciones) que, sumados, reducen significativamente el ahorro.","Ahorro,Presupuesto (Flujo de Caja),Psicología Financiera y Hábitos de Gasto,Educación Financiera Básica","Carl Richards – The One-Page Financial Plan"
Ahorro porcentual,"Destinar un porcentaje del ingreso a ahorros y/o inversiones para reforzar el hábito sin sentir presión.","Ahorro,Inversión,Educación Financiera Básica","Junior Ureña"
Presupuesto basado en cero,"Asignar cada peso del ingreso a una categoría específica (gastos, ahorros, inversiones) para tener control total de tu flujo de caja.","Presupuesto (Flujo de Caja),Ahorro,Educación Financiera Básica,Inversiones","Dave Ramsey – The Total Money Makeover"
Destinar ingresos extraordinarios,"Asignar al menos un porcentaje significativo de ingresos inesperados (bonificaciones, regalos, devoluciones de impuestos) a ahorro o inversión.","Ahorro,Inversión,Educación Financiera Básica,Psicología Financiera y Hábitos de Gasto","Dave Ramsey – The Total Money Makeover"
Establecer metas SMART de ahorro,"Definir objetivos de ahorro que sean específicos, medibles, alcanzables, relevantes y con plazo determinado.","Ahorro,Educación Financiera Básica,Psicología Financiera y Hábitos de Gasto,Presupuesto (Flujo de Caja)","George T. Doran – There's a S.M.A.R.T. way to write management's goals and objectives"
Revisión periódica de presupuesto,"Evaluar y ajustar el presupuesto regularmente (mensual o trimestral) para reflejar cambios en ingresos, metas o prioridades.","Ahorro,Presupuesto (Flujo de Caja),Educación Financiera Básica,Psicología Financiera y Hábitos de Gasto","Dave Ramsey – Financial Peace University"
Distinción entre gastos fijos y variables,"Identificar claramente gastos fijos (alquiler, servicios) y gastos variables (alimentación, entretenimiento), permitiendo ajustes precisos al presupuesto.","Presupuesto (Flujo de Caja),Ahorro,Educación Financiera Básica","Vicki Robin & Joe Dominguez – Your Money or Your Life"
Registro de gastos en tiempo real,"Anotar cada gasto a medida que ocurre para mantener un control preciso de tu flujo de caja y detectar patrones de consumo.","Presupuesto (Flujo de Caja),Ahorro,Educación Financiera Básica,Psicología Financiera y Hábitos de Gasto","Suze Orman – The Money Book for the Young, Fabulous & Broke"
Ajuste del presupuesto según ingresos variables,"Modificar el presupuesto mensual en función de cambios en el ingreso para mantener el equilibrio financiero.","Presupuesto (Flujo de Caja),Educación Financiera Básica","Ramit Sethi – I Will Teach You To Be Rich"
Pago de deudas de alto interés primero,"Priorizar el pago de deudas con la tasa más alta para reducir el costo total de intereses y liberar flujo de caja más rápido.","Deuda,Presupuesto (Flujo de Caja),Ahorro,Crédito y Score de Crédito","Dave Ramsey – The Total Money Makeover"
Pagar saldo total de tarjeta de crédito,"Pagar el saldo completo de la tarjeta de crédito cada mes para evitar cargos por intereses.","Deuda,Presupuesto (Flujo de Caja),Crédito y Score de Crédito","Investopedia – Credit Card"
Diversificación de portafolio,"Distribuir recursos entre distintas clases de activos (renta fija, variable, efectivo) para equilibrar riesgo y retorno.","Inversión,Ahorro,Planes de Retiro y Jubilación,Finanzas Familiares y Educativas","Ray Dalio – Principles: Life & Work"
Método bola de nieve,"Pagar primero las deudas más pequeñas para generar motivación y liberar flujo de caja.","Deuda,Presupuesto (Flujo de Caja),Educación Financiera Básica","Dave Ramsey – The Total Money Makeover"
Comprender costos de mora,"Revisar los cargos por pagos tardíos y penalidades para evitar que la deuda crezca de forma inesperada.","Deuda,Presupuesto (Flujo de Caja),Educación Financiera Básica","Investopedia – Late Payment Fee"
Evitar deuda para gastos corrientes,"Usar deuda únicamente para inversiones con retorno positivo o emergencias, no para gastos diarios.","Deuda,Ahorro,Educación Financiera Básica","Dave Ramsey – Financial Peace University"
Revisar estados de cuenta,"Verificar mensualmente movimientos de deuda para detectar errores, cargos duplicados o fraudes.","Deuda,Crédito y Score de Crédito,Educación Financiera Básica","CFPB – Cómo revisar tu informe de crédito"
Invertir a largo plazo,"Mantener inversiones durante períodos extensos para minimizar el impacto de la volatilidad y beneficiarse del crecimiento compuesto.","Inversión,Planes de Retiro y Jubilación,Ahorro","Benjamin Graham – The Intelligent Investor"
Comprar y mantener,"Elegir empresas de calidad o fondos indexados y conservar las posiciones durante años para captar el crecimiento del mercado.","Inversión,Planes de Retiro y Jubilación,Ahorro","Warren Buffett – Cartas a Accionistas de Berkshire Hathaway"
Inversión en valor,"Buscar activos infravalorados comparando precio de mercado contra valor intrínseco estimado para obtener margen de seguridad.","Inversión,Educación Financiera Básica,Planes de Retiro y Jubilación","Benjamin Graham – The Intelligent Investor"
Mantener liquidez suficiente,"Reservar un porcentaje en efectivo o instrumentos líquidos para aprovechar oportunidades o cubrir emergencias.","Inversión,Emergencias y Fondo de Contingencia,Ahorro","David Swensen – Pioneering Portfolio Management"
Evitar emociones en decisiones,"Tomar decisiones basadas en análisis racional y evitar vender en pánico durante caídas de mercado.","Inversión,Psicología Financiera y Hábitos de Gasto,Educación Financiera Básica","Daniel Kahneman – Thinking, Fast and Slow"
Entender el ratio riesgo-retorno,"Analizar el nivel de riesgo asumido comparado con el rendimiento esperado antes de tomar una inversión.","Inversión,Educación Financiera Básica,Planes de Retiro y Jubilación","Robert Shiller – Irrational Exuberance"
Coste promedio en dólares (Dollar Cost Averaging),"Invertir cantidades fijas periódicamente para mitigar el riesgo de entrar en el mercado en el peor momento.","Inversión,Ahorro,Planes de Retiro y Jubilación","Ramit Sethi – I Will Teach You To Be Rich"
Conocer la tolerancia al riesgo,"Definir cuánto se está dispuesto a perder en el peor escenario para construir una cartera acorde a ese perfil.","Inversión,Psicología Financiera y Hábitos de Gasto,Planes de Retiro y Jubilación","Daniel Kahneman – Thinking, Fast and Slow"
Eficiencia fiscal en inversiones,"Usar cuentas con ventajas fiscales y priorizar activos eficientes desde el punto de vista impositivo.","Inversión,Planes de Retiro y Jubilación,Educación Financiera Básica","David McKnight – Tax-Advantaged Investing"
Evitar market timing,"Abstenerse de intentar predecir subidas y bajadas de mercado; mantener una estrategia sistemática y disciplinada.","Inversión,Psicología Financiera y Hábitos de Gasto,Educación Financiera Básica","Burton G. Malkiel – A Random Walk Down Wall Street"
Conocer tus obligaciones fiscales,"Mantenerse informado sobre los plazos, montos y tipos impositivos aplicables para evitar sanciones y multas.","Impuestos y Obligaciones Fiscales,Educación Financiera Básica,Presupuesto (Flujo de Caja)","Investopedia – Tax Filing"
Aprovechar deducciones y créditos fiscales,"Identificar y aplicar deducciones y créditos permitidos para reducir la carga tributaria.","Impuestos y Obligaciones Fiscales,Educación Financiera Básica,Finanzas Familiares y Educativas","Frederick W. Daily – Tax Savvy for Small Business"
Planificación fiscal a largo plazo,"Estructurar ingresos, gastos y contribuciones a planes de retiro para minimizar impuestos en el mediano y largo plazo.","Impuestos y Obligaciones Fiscales,Planes de Retiro y Jubilación,Inversión","Larry Swedroe – The Only Guide to a Winning Investment Strategy"
Pago provisional de impuestos,"Realizar anticipos o pagos trimestrales basados en ingresos estimados para evitar recargos a fin de año.","Impuestos y Obligaciones Fiscales,Educación Financiera Básica,Presupuesto (Flujo de Caja)","IRS – Estimated Taxes"
Uso de vehículos fiscales eficientes,"Utilizar cuentas o esquemas fiscales para diferir o reducir impuestos.","Impuestos y Obligaciones Fiscales,Inversión,Planes de Retiro y Jubilación","Dave Ramsey – The Total Money Makeover"
Evitar la doble tributación,"Verificar convenios y tratados fiscales internacionales para no pagar impuestos sobre la misma renta en dos jurisdicciones.","Impuestos y Obligaciones Fiscales,Educación Financiera Básica,Macro Economía y Tendencias de Mercado","OECD – Double Taxation Relief"
Mantenerse al día con cambios normativos,"Revisar periódicamente las reformas y actualizaciones en la legislación fiscal.","Impuestos y Obligaciones Fiscales,Educación Financiera Básica,Macro Economía y Tendencias de Mercado","Investopedia – Tax Reform"
Asegurar riesgos esenciales,"Identificar y asegurar los riesgos más críticos (salud, vivienda, auto) para proteger el patrimonio.","Seguros y Protección,Finanzas Familiares y Educativas,Presupuesto (Flujo de Caja),Educación Financiera Básica","Investopedia – Insurance"
Cobertura adecuada vs costo,"Equilibrar el monto de cobertura deseado con el costo de la prima para garantizar protección efectiva.","Seguros y Protección,Educación Financiera Básica,Finanzas Familiares y Educativas","Investopedia – Insurance Premium"
Seleccionar deducible óptimo,"Escoger un monto de deducible que equilibre primas bajas con la capacidad de pagar el deducible en caso de siniestro.","Seguros y Protección,Presupuesto (Flujo de Caja),Educación Financiera Básica","Investopedia – Insurance Deductible"
Seguros de vida para protección familiar,"Adquirir un seguro de vida con suma asegurada acorde al ingreso y responsabilidades familiares.","Seguros y Protección,Finanzas Familiares y Educativas","Dave Ramsey – The Total Money Makeover"
Mantener liquidez en instrumentos de bajo riesgo,"Conservar el fondo de emergencia en activos de alta liquidez para disponer al instante ante urgencias.","Emergencias y Fondo de Contingencia,Ahorro,Inversión","Investopedia – Emergency Fund"
Acceso a crédito como último recurso,"Considerar líneas de crédito solo si el fondo está agotado y para emergencias verdaderas.","Emergencias y Fondo de Contingencia,Deuda,Crédito y Score de Crédito","Dave Ramsey – Financial Peace University"
Restaurar el fondo tras uso inmediato,"Si el fondo de emergencia se utiliza, planificar su reconstrucción gradual desde el mes siguiente.","Emergencias y Fondo de Contingencia,Presupuesto (Flujo de Caja),Educación Financiera Básica","Ramit Sethi – I Will Teach You To Be Rich"
Comenzar a ahorrar temprano,"Aprovechar el tiempo para maximizar el efecto del interés compuesto sobre los aportes al plan de retiro.","Planes de Retiro y Jubilación,Inversión,Educación Financiera Básica,Psicología Financiera y Hábitos de Gasto","John C. Bogle – The Little Book of Common Sense Investing"
Contribuciones consistentes,"Realizar aportes regulares para construir un patrimonio sólido a lo largo del tiempo.","Planes de Retiro y Jubilación,Ahorro,Inversión,Educación Financiera Básica","David Swensen – Pioneering Portfolio Management"
Evitar retiros anticipados,"No retirar fondos antes de la edad mínima para evitar penalidades e impuestos adicionales.","Planes de Retiro y Jubilación,Educación Financiera Básica,Psicología Financiera y Hábitos de Gasto","Dave Ramsey – The Total Money Makeover"
Comprender la tecnología blockchain,"Entender cómo funciona la cadena de bloques antes de invertir en criptomonedas.","Criptomonedas y Activos Digitales,Inversión,Educación Financiera Básica,Fintech y Tecnología Financiera","Andreas Antonopoulos – Mastering Bitcoin"
Gestión de la volatilidad cripto,"Aceptar que los precios de los criptoactivos pueden fluctuar drásticamente y planificar inversión a largo plazo.","Criptomonedas y Activos Digitales,Inversión,Psicología Financiera y Hábitos de Gasto","Roger Ver – Bitcoin: La Moneda de Internet"
Mantener clave privada en custodia segura,"Guardar las claves privadas en dispositivos offline o hardware wallets para evitar robos y hackeos.","Criptomonedas y Activos Digitales,Fintech y Tecnología Financiera,Seguridad Digital","Nick Szabo – Conceptos de seguridad criptográfica"
Evitar FOMO (Fear Of Missing Out),"No comprar criptos impulsivamente cuando suben de precio; investigar y tomar decisiones basadas en análisis propio.","Criptomonedas y Activos Digitales,Psicología Financiera y Hábitos de Gasto,Educación Financiera Básica","Timothy Peterson – Cryptoassets"
Analizar casos de uso reales,"Evaluar la utilidad de cada proyecto (contratos inteligentes, DeFi, tokenización) antes de invertir.","Criptomonedas y Activos Digitales,Inversión,Educación Financiera Básica","Chris Burniske – Cryptoassets: The Innovative Investor's Guide"
Conocer la oferta máxima (supply),"Investigar la emisión total y la inflación de cada criptomoneda para entender la dinámica de precio.","Criptomonedas y Activos Digitales,Educación Financiera Básica,Inversión","Andreas Antonopoulos – Mastering Ethereum"
Evaluar seguridad del ecosistema cripto,"Verificar auditorías de smart contracts y reputación de desarrolladores antes de participar en proyectos DeFi.","Criptomonedas y Activos Digitales,Fintech y Tecnología Financiera,Seguridad Digital",""
Utilizar exchanges reputados,"Seleccionar plataformas de intercambio con alta seguridad, liquidez y regulaciones claras.","Criptomonedas y Activos Digitales,Fintech y Tecnología Financiera,Educación Financiera Básica","Laura Shin – The Cryptoconomy"
Evitar esquemas Ponzi y estafas,"Investigar proyectos minuciosamente para detectar promesas de rendimientos irrealistas o estructuras fraudulentas.","Criptomonedas y Activos Digitales,Educación Financiera Básica,Psicología Financiera y Hábitos de Gasto","Boomerang Labs – Crypto Scam Prevention Whitepaper"
Entender mecanismos de consenso,"Analizar cómo cada red obtiene seguridad (PoW, PoS, DPoS) y sus implicaciones.","Criptomonedas y Activos Digitales,Fintech y Tecnología Financiera,Macro Economía y Tendencias de Mercado","Vitalik Buterin – Ethereum Whitepaper"
Establecer metas claras de compra,"Definir el objetivo específico y plazo de adquisición para guiar el plan financiero.","Planeación de Grandes Compras o Proyectos,Ahorro,Presupuesto (Flujo de Caja),Educación Financiera Básica","David Allen – Getting Things Done"
Calcular costo total,"Incluir en el presupuesto no solo el precio base, sino también impuestos, mantenimiento, seguros y otros gastos recurrentes.","Planeación de Grandes Compras o Proyectos,Presupuesto (Flujo de Caja),Educación Financiera Básica","Dave Ramsey – The Total Money Makeover"
Asignar fondo de reserva para imprevistos,"Reservar un porcentaje adicional (10–15%) del costo estimado para cubrir demoras o sobrecostos.","Planeación de Grandes Compras o Proyectos,Emergencias y Fondo de Contingencia,Presupuesto (Flujo de Caja),Educación Financiera Básica","Ramit Sethi – I Will Teach You To Be Rich"
Comparar opciones de financiamiento,"Analizar tasas, plazos y condiciones de diferentes préstamos antes de tomar una decisión.","Planeación de Grandes Compras o Proyectos,Deuda,Crédito y Score de Crédito,Educación Financiera Básica","Suze Orman – The Money Book for the Young, Fabulous & Broke"
Considerar costo de oportunidad,"Analizar qué otras metas financieras se retrasarán al destinar recursos a esta compra.","Planeación de Grandes Compras o Proyectos,Inversión,Ahorro,Educación Financiera Básica","Robert Kiyosaki – Rich Dad, Poor Dad"
Negociar descuentos y condiciones,"Buscar rebajas, promociones o beneficios por pago al contado para optimizar el valor pagado.","Planeación de Grandes Compras o Proyectos,Educación Financiera Básica,Psicología Financiera y Hábitos de Gasto","Ramit Sethi – I Will Teach You To Be Rich"
Enseñar conceptos básicos a los hijos,"Explicar a los niños nociones como ahorrar y diferenciar deseos de necesidades.","Finanzas Familiares y Educativas,Educación Financiera Básica,Psicología Financiera y Hábitos de Gasto","Robert Kiyosaki – Rich Dad, Poor Dad"
Asignar mesada con responsabilidades,"Entregar a los hijos un monto fijo ligado a tareas domésticas para enseñar valor del trabajo.","Finanzas Familiares y Educativas,Educación Financiera Básica,Psicología Financiera y Hábitos de Gasto","Dave Ramsey – The Total Money Makeover"
Fomentar ahorro conjunto para metas familiares,"Establecer objetivos comunes y abrir cuentas colectivas donde cada miembro aporte según su capacidad.","Finanzas Familiares y Educativas,Ahorro,Educación Financiera Básica","Dave Ramsey – Smart Money Smart Kids"
Diferencia entre activo y pasivo,"Aprender a distinguir activos (generan ingresos) de pasivos (generan gastos) para orientar decisiones.","Educación Financiera Básica,Ahorro,Inversión","Robert Kiyosaki – Rich Dad, Poor Dad"
Concepto de interés simple vs compuesto,"Entender cómo funciona el interés simple y el compuesto para calcular costos de deuda y crecimiento de ahorros.","Educación Financiera Básica,Deuda,Inversión","Warren Buffett – Cartas a Accionistas de Berkshire Hathaway"
Inflación y poder adquisitivo,"Conocer que la inflación erosiona el valor del dinero con el tiempo y la importancia de invertir.","Educación Financiera Básica,Macro Economía y Tendencias de Mercado,Inversión","Investopedia – Inflation"
Importancia del historial crediticio,"Comprender cómo el uso responsable de crédito y pagos puntuales afectan positivamente el puntaje crediticio.","Educación Financiera Básica,Crédito y Score de Crédito,Deuda","Experian – Credit Scores Explained"
Funciones básicas de un banco,"Conocer servicios bancarios esenciales y cómo elegir el más adecuado para necesidades personales.","Educación Financiera Básica,Consultas sobre Productos Bancarios,Fintech y Tecnología Financiera","Investopedia – Banking Services"
Comprender tarifas bancarias,"Identificar tarifas comunes (mantenimiento de cuenta, sobregiro, retiros en cajero) para reducir costos.","Educación Financiera Básica,Consultas sobre Productos Bancarios,Control de Gastos","Investopedia – Bank Fees"
Uso de estructuras societarias,"Constituir entidades jurídicas para diferir impuestos y proteger activos según ventajas fiscales locales.","Planificación Fiscal Avanzada,Emprendimiento y Finanzas de Negocios,Planificación Sucesoral y Patrimonial","James W. Brown – International Tax Planning"
Planeación sucesoral fiscal,"Estructurar testamentos y fideicomisos para minimizar impuestos de herencia.","Planificación Fiscal Avanzada,Planificación Sucesoral y Patrimonial,Impuestos y Obligaciones Fiscales","Janice A. Smith – Estate and Tax Planning"
Separar finanzas personales y de negocio,"Mantener cuentas bancarias y registros contables independientes para evitar confusiones.","Emprendimiento y Finanzas de Negocios,Consultas sobre Productos Bancarios,Educación Financiera Básica","Jim Collins – Good to Great"
Diversificar fuentes de ingreso,"Desarrollar líneas de productos o servicios complementarios para reducir dependencia de un solo mercado.","Emprendimiento y Finanzas de Negocios,Inversión,Planeación de Grandes Compras o Proyectos","Richard Branson – Losing My Virginity"
Conocer sesgos cognitivos financieros,"Identificar sesgos como exceso de confianza, aversión a la pérdida o anclaje para tomar decisiones más objetivas.","Psicología Financiera y Hábitos de Gasto,Educación Financiera Básica,Inversión","Daniel Kahneman – Thinking, Fast and Slow"
Practicar la gratificación diferida,"Ejercitar la capacidad de esperar una recompensa mayor en el futuro en lugar de ceder a compras impulsivas.","Psicología Financiera y Hábitos de Gasto,Finanzas Familiares y Educativas,Educación Financiera Básica","R. L. Greene – The Marshmallow Test"
Establecer rituales de revisión financiera,"Crear hábitos semanales o mensuales para revisar presupuestos, estados de cuenta y metas.","Psicología Financiera y Hábitos de Gasto,Presupuesto (Flujo de Caja),Educación Financiera Básica","Junior Ureña"
Implementar regla de espera antes de compras grandes,"Esperar 24–48 horas antes de realizar compras no esenciales para reducir compras impulsivas.","Psicología Financiera y Hábitos de Gasto,Ahorro,Educación Financiera Básica","Dave Ramsey – The Total Money Makeover"
Fijar límites personales de gasto,"Definir montos máximos para categorías variables y respetarlos para evitar acumulación de deudas.","Psicología Financiera y Hábitos de Gasto,Presupuesto (Flujo de Caja),Control de Gastos","Ramit Sethi – I Will Teach You To Be Rich"
Evitar comparación social en redes,"Reducir la exposición a publicaciones que fomenten la compra de artículos de lujo para minimizar presión de consumo.","Psicología Financiera y Hábitos de Gasto,Control de Gastos,Educación Financiera Básica","Robert Cialdini – Influence: The Psychology of Persuasion"
Creación de fideicomisos,"Constituir fideicomisos para proteger activos, minimizar impuestos y garantizar distribución controlada a herederos.","Planificación Sucesoral y Patrimonial,Planificación Fiscal Avanzada,Inversión","Janet R. Morrissey – Trusts and Estates for Dummies"
Entender ciclos económicos,"Analizar fases de expansión y recesión para anticipar impactos en inversiones.","Macro Economía y Tendencias de Mercado,Inversión,Educación Financiera Básica","Robert J. Shiller – Irrational Exuberance"
Seguir indicadores macroeconómicos clave,"Monitorear datos como PIB, inflación, desempleo y tasas de interés.","Macro Economía y Tendencias de Mercado,Planificación Fiscal Avanzada,Inversión","Investopedia – Macroeconomics"
Entender política monetaria,"Reconocer el rol de los bancos centrales en el control de oferta monetaria y tasas de interés.","Macro Economía y Tendencias de Mercado,Impuestos y Obligaciones Fiscales,Inversión","Ben Bernanke – The Courage to Act"
Comprender el ciclo de facturación,"Conocer fechas de corte y pago para maximizar el período sin intereses y evitar cargos por mora.","Tarjetas de Crédito,Educación Financiera Básica,Crédito y Score de Crédito,Deuda","Investopedia – Billing Cycle"
Conocer la Tasa de Porcentaje Anual (APR),"Entender la APR para calcular el costo real de financiar saldos pendientes.","Tarjetas de Crédito,Educación Financiera Básica,Deuda,Control de Gastos","Investopedia – Annual Percentage Rate (APR)"
Evitar avances de efectivo,"No utilizar la tarjeta para retirar efectivo, pues generalmente conlleva comisiones altas y APR superior.","Tarjetas de Crédito,Deuda,Control de Gastos,Educación Financiera Básica","Investopedia – Cash Advance"
Evitar cargos por pagos tardíos,"Programar recordatorios o pagos automáticos para no incurrir en penalidades.","Tarjetas de Crédito,Deuda,Crédito y Score de Crédito,Control de Gastos","Dave Ramsey – Financial Peace University"
Entender las comisiones anuales,"Revisar la tarifa anual de mantenimiento para valorar si los beneficios justifican el costo.","Tarjetas de Crédito,Control de Gastos,Educación Financiera Básica,Presupuesto (Flujo de Caja)","Investopedia – Credit Card Annual Fee"
Conocer penalidades por sobregiro,"Entender las comisiones por exceder el límite de crédito.","Tarjetas de Crédito,Deuda,Control de Gastos,Educación Financiera Básica","Investopedia – Over-the-Limit Fee"
Maximizar beneficios de tarjetas,"Utilizar estratégicamente los programas de puntos, millas y seguros incluidos, pagando el saldo completo cada mes.","Tarjetas de Crédito,Ahorro,Educación Financiera Básica,Control de Gastos,Psicología Financiera y Hábitos de Gasto","Ramit Sethi – I Will Teach You To Be Rich"
Gestionar el riesgo por operación,"Determinar un porcentaje fijo del capital (1–2%) que estás dispuesto a arriesgar en cada operación.","Trading,Inversión,Psicología Financiera y Hábitos de Gasto","Alexander Elder – Trading for a Living"
Establecer objetivos claros de salida,"Definir niveles de take profit y stop loss antes de entrar en la operación.","Trading,Psicología Financiera y Hábitos de Gasto,Educación Financiera Básica","Van K. Tharp – Trade Your Way to Financial Freedom"
Mantener un diario de trading,"Registrar cada operación con fecha, precio, razón y emociones para evaluar fortalezas y debilidades.","Trading,Psicología Financiera y Hábitos de Gasto,Educación Financiera Básica","Mark Douglas – Trading in the Zone"
Aprender a leer múltiples marcos de tiempo,"Analizar gráficos diarios, horarios y de minutos para comprender la tendencia general.","Trading,Inversión,Educación Financiera Básica","Steve Nison – Japanese Candlestick Charting Techniques"
Adaptarse a la liquidez del mercado,"Elegir activos con suficiente volumen de negociación para evitar spreads excesivos.","Trading,Inversión,Psicología Financiera y Hábitos de Gasto","Michael W. Covel – Trend Following"
Controlar las emociones en pérdidas,"Desarrollar disciplina emocional para no aumentar posiciones tras una pérdida ni entrar en pánico.","Trading,Psicología Financiera y Hábitos de Gasto,Educación Financiera Básica","Brett N. Steenbarger – The Psychology of Trading"
Evitar sobreapalancamiento,"Utilizar apalancamiento con moderación y entender el impacto en la volatilidad del portafolio.","Trading,Inversión,Psicología Financiera y Hábitos de Gasto","John Hull – Options, Futures, and Other Derivatives"
Seguir tendencias con disciplina,"Identificar tendencias de medio a largo plazo y alinear las operaciones con esa dirección.","Trading,Inversión,Psicología Financiera y Hábitos de Gasto","Michael W. Covel – Trend Following"
Revisar y ajustar el plan de trading periódicamente,"Evaluar el desempeño general de la estrategia cada mes o trimestre.","Trading,Psicología Financiera y Hábitos de Gasto,Educación Financiera Básica","Van K. Tharp – Super Trader"
Desarrollar habilidades de alto valor,"Invertir tiempo en adquirir competencias demandadas que permitan acceder a empleos mejor remunerados.","Aumento de los ingresos,Emprendimiento y Finanzas de Negocios,Educación Financiera Básica","Junior Ureña"
Negociar aumentos salariales,"Presentar logros cuantificables al empleador y solicitar una revisión de salario basada en el valor aportado.","Aumento de los ingresos,Educación Financiera Básica,Psicología Financiera y Hábitos de Gasto","Ramit Sethi – I Will Teach You To Be Rich"
Crear fuentes de ingresos pasivos,"Desarrollar productos digitales que generen ventas constantes sin intervención diaria.","Aumento de los ingresos,Inversión,Emprendimiento y Finanzas de Negocios","David Bach – The Automatic Millionaire"
Ofrecer servicios de consultoría freelance,"Monetizar conocimientos especializados trabajando por proyectos.","Aumento de los ingresos,Emprendimiento y Finanzas de Negocios,Educación Financiera Básica","Chris Guillebeau – The $100 Startup"
Monetizar un blog o canal de YouTube,"Crear contenido de nicho y generar ingresos mediante publicidad y marketing de afiliados.","Aumento de los ingresos,Emprendimiento y Finanzas de Negocios,Fintech y Tecnología Financiera","Gary Vaynerchuk – Crush It!"
Ofrecer servicios de tutoría o coaching,"Compartir experiencia en un área específica mediante clases particulares o grupales.","Aumento de los ingresos,Educación Financiera Básica,Psicología Financiera y Hábitos de Gasto","Brendon Burchard – High Performance Habits"
Lanzar un producto mínimo viable (MVP),"Identificar una necesidad de mercado y validar demanda antes de escalar.","Aumento de los ingresos,Emprendimiento y Finanzas de Negocios,Innovación","David J. Bland – Testing Business Ideas"
Desarrollar una marca personal fuerte,"Publicar contenido de valor en redes sociales y monetizar mediante patrocinios y ventas.","Aumento de los ingresos,Emprendimiento y Finanzas de Negocios,Psicología Financiera y Hábitos de Gasto","Gary Vaynerchuk – Crush It!"
Evitar compras compulsivas,"Esperar 24 horas antes de adquirir artículos no esenciales para reducir gasto impulsivo.","Control de gastos,Psicología Financiera y Hábitos de Gasto,Educación Financiera Básica","Daniel Kahneman – Thinking, Fast and Slow"
Eliminar suscripciones innecesarias,"Revisar periódicamente servicios de streaming, apps o membresías y cancelar las que no se usen.","Control de gastos,Presupuesto (Flujo de Caja),Educación Financiera Básica","Ramit Sethi – I Will Teach You To Be Rich"
